<?xml version="1.0" encoding="UTF-8"?>
<metadata xml:lang="en"><Esri><CreaDate>20180510</CreaDate><CreaTime>10471700</CreaTime><ArcGISFormat>1.0</ArcGISFormat><SyncOnce>TRUE</SyncOnce><DataProperties><lineage><Process ToolSource="c:\program files (x86)\arcgis\desktop10.2\ArcToolbox\Toolboxes\Data Management Tools.tbx\CalculateField" Date="20150127" Time="105337">CalculateField Private Name "Pepper Ridge" VB #</Process><Process ToolSource="c:\program files (x86)\arcgis\desktop10.2\ArcToolbox\Toolboxes\Data Management Tools.tbx\CalculateField" Date="20150127" Time="105417">CalculateField Private Name "Hedgerow Pl" VB #</Process><Process ToolSource="c:\program files (x86)\arcgis\desktop10.2\ArcToolbox\Toolboxes\Data Management Tools.tbx\CalculateField" Date="20150127" Time="105510">CalculateField Private Name "Federal Dr" VB #</Process><Process ToolSource="c:\program files (x86)\arcgis\desktop10.2\ArcToolbox\Toolboxes\Data Management Tools.tbx\CalculateField" Date="20150127" Time="105647">CalculateField Private Name "Trace Dr" VB #</Process><Process ToolSource="c:\program files (x86)\arcgis\desktop10.2\ArcToolbox\Toolboxes\Data Management Tools.tbx\CalculateField" Date="20150127" Time="105718">CalculateField Private Name "Revere Circle" VB #</Process><Process ToolSource="c:\program files (x86)\arcgis\desktop10.2\ArcToolbox\Toolboxes\Data Management Tools.tbx\CalculateField" Date="20150127" Time="110511">CalculateField Private Name "Emory Hill Dr" VB #</Process><Process ToolSource="c:\program files (x86)\arcgis\desktop10.2\ArcToolbox\Toolboxes\Data Management Tools.tbx\CalculateField" Date="20150127" Time="111626">CalculateField Private Name "Gardenl Dr" VB #</Process><Process ToolSource="c:\program files (x86)\arcgis\desktop10.2\ArcToolbox\Toolboxes\Data Management Tools.tbx\CalculateField" Date="20150127" Time="111642">CalculateField Private Name "Garden Dr" VB #</Process><Process ToolSource="c:\program files (x86)\arcgis\desktop10.2\ArcToolbox\Toolboxes\Data Management Tools.tbx\CalculateField" Date="20150127" Time="111806">CalculateField Private Name "Windwood Dr" VB #</Process><Process ToolSource="c:\program files (x86)\arcgis\desktop10.2\ArcToolbox\Toolboxes\Data Management Tools.tbx\CalculateField" Date="20150127" Time="113955">CalculateField Private Notes "Union University" VB #</Process><Process ToolSource="c:\program files (x86)\arcgis\desktop10.2\ArcToolbox\Toolboxes\Data Management Tools.tbx\CalculateField" Date="20150127" Time="114128">CalculateField Private Notes "Rolling Acres" VB #</Process><Process ToolSource="c:\program files (x86)\arcgis\desktop10.2\ArcToolbox\Toolboxes\Data Management Tools.tbx\CalculateField" Date="20150127" Time="114325">CalculateField Private Notes "Cherry Grove Apts" VB #</Process><Process ToolSource="c:\program files (x86)\arcgis\desktop10.2\ArcToolbox\Toolboxes\Data Management Tools.tbx\CalculateField" Date="20150323" Time="160704">CalculateField Private Notes "Removed from Road List 1/1/2015" VB #</Process></lineage><itemProps><itemLocation><linkage Sync="TRUE">file://\\CLT-WMEYERS10L2\C$\Workspace\CustomerProjects\TN\CityofJackson\Inputs\Private</linkage><protocol Sync="TRUE">Local Area Network</protocol></itemLocation></itemProps><copyHistory><copy source="C:\Workspace\CustomerProjects\TN\CityofJackson\Private" dest="\\CLT-WMEYERS10L2\C$\Workspace\CustomerProjects\TN\CityofJackson\Inputs\Private" date="20190103" time="08560200"></copy></copyHistory></DataProperties></Esri></metadata>
